﻿teacher_id,teacher_name,teacher_email,gender,office
t01,蔡炎龍,t01@nccu.edu.tw,Male,大仁200102
t02,廖文宏,t02@nccu.edu.tw,Male,大仁200102
t03,沈錳坤,t03@nccu.edu.tw,Male,大仁200102
t04,陳恭,t04@nccu.edu.tw,Male,大仁200102
t05,黃瀚萱,t05@nccu.edu.tw,Male,大仁200102
t06,劉昭麟,t06@nccu.edu.tw,Male,大仁200401
t07,蔡子傑,t07@nccu.edu.tw,Male,大仁200401
t08,蔡銘峰,t08@nccu.edu.tw,Male,大仁200401
t09,紀明德,t09@nccu.edu.tw,Male,大仁200401
t10,左瑞麟,t10@nccu.edu.tw,Male,大仁200401
t11,曾一凡,t11@nccu.edu.tw,Male,大仁200301
t12,彭彥璁,t12@nccu.edu.tw,Male,大仁200301
t13,蔡欣叡,t13@nccu.edu.tw,Male,大仁200301
t14,張家銘,t14@nccu.edu.tw,Male,大仁200301
t15,胡毓忠,t15@nccu.edu.tw,Male,大仁200301
t16,謝佩璇,t16@nccu.edu.tw,Female,大仁200101
t17,郭桐惟,t17@nccu.edu.tw,Male,大仁200101